sample,single_name,combined_name,pi,lib_from_pcr_product,final organism,final strain,notes
MMETSP0004_2,--,Ochromonas-sp-CCMP1393,David Caron,--,,,
MMETSP0005,--,Ochromonas-sp-CCMP1393,David Caron,--,,,
MMETSP0006_2,--,Prymnesium-parvum-Texoma1,David Caron,--,,,
MMETSP0007,--,Prymnesium-parvum-Texoma1,David Caron,--,,,
MMETSP0008_2,--,Prymnesium-parvum-Texoma1,David Caron,--,,,
MMETSP0009_2,--,NA,Ginger Armbrust,--,,,
MMETSP0010_2,--,NA,Ginger Armbrust,--,,,
MMETSP0011_2,--,NA,Ginger Armbrust,--,,,
MMETSP0013_2,--,NA,Ginger Armbrust,--,,,
MMETSP0014_2,--,NA,Ginger Armbrust,--,,,
MMETSP0015_2,--,NA,Ginger Armbrust,--,,,
MMETSP0017_2,--,NA,Ginger Armbrust,--,,,
MMETSP0018_2,--,NA,David Caron,--,,,
MMETSP0019_2,--,Dinobryon-sp-UTEXLB2267,David Caron,--,,,
MMETSP0020_2,--,Dinobryon-sp-UTEXLB2267,David Caron,--,,,
MMETSP0027,--,Karenia-brevis-CCMP2229,Boris Wawrik,--,,,
MMETSP0029,--,Karenia-brevis-CCMP2229,Boris Wawrik,--,,,
MMETSP0030,--,Karenia-brevis-CCMP2229,Boris Wawrik,--,,,
MMETSP0031,--,Karenia-brevis-CCMP2229,Boris Wawrik,--,,,
MMETSP0033_2,--,NA,Alexandra Worden,--,,,
MMETSP0034_2,--,NA,Alexandra Worden,--,,,
MMETSP0038_2,--,NA,John Archibald,--,,,
MMETSP0039_2,--,NA,John Archibald,--,,,
MMETSP0040_2,--,NA,John Archibald,--,,,
MMETSP0041_2,--,NA,John Archibald,--,,,
MMETSP0042_2,--,NA,John Archibald,--,,,
MMETSP0043_2,--,NA,John Archibald,--,,,
MMETSP0044,--,NA,John Archibald,yes,,,
MMETSP0045_2,--,NA,John Archibald,--,,,
MMETSP0046_2,--,NA,John Archibald,--,,,
MMETSP0047_2,--,NA,John Archibald,--,,,
MMETSP0052_2,--,NA,Aurora Nedelcu,--,,,
MMETSP0053,--,Prorocentrum-minimum-CCMP1329,Sonya Dyhrman,--,,,
MMETSP0055,--,Prorocentrum-minimum-CCMP1329,Sonya Dyhrman,--,,,
MMETSP0056,--,Prorocentrum-minimum-CCMP1329,Sonya Dyhrman,--,,,
MMETSP0057,--,Prorocentrum-minimum-CCMP1329,Sonya Dyhrman,--,,,
MMETSP0058,--,Pyramimonas-parkeae-CCMP726,Aurora Nedelcu,--,,,
MMETSP0059,--,Pyramimonas-parkeae-CCMP726,Aurora Nedelcu,--,,,
MMETSP0063_2,--,NA,Aurora Nedelcu,--,,,
MMETSP0086_2,--,Undescribed-sp-D1,Brian Palenik,--,,,
MMETSP0087,--,Undescribed-sp-D1,Brian Palenik,--,,,
MMETSP0088,--,Chaetoceros-affinis-CCMP159,Sonya Dyhrman,--,,,
MMETSP0090,--,Chaetoceros-affinis-CCMP159,Sonya Dyhrman,--,,,
MMETSP0091,--,Chaetoceros-affinis-CCMP159,Sonya Dyhrman,--,,,
MMETSP0092,--,Chaetoceros-affinis-CCMP159,Sonya Dyhrman,--,,,
MMETSP0093,--,Alexandrium_monilatum_CCMP3105,Sonya Dyhrman,--,,,
MMETSP0095,--,Alexandrium_monilatum_CCMP3105,Sonya Dyhrman,--,,,
MMETSP0096,--,Alexandrium_monilatum_CCMP3105,Sonya Dyhrman,--,,,
MMETSP0097,--,Alexandrium_monilatum_CCMP3105,Sonya Dyhrman,--,,,
MMETSP0098,--,Undescribed-sp-isolateNY0313808BC1,Bassem Allam,--,,,
MMETSP0099_2,--,Undescribed-sp-isolateNY0313808BC1,Bassem Allam,--,,,
MMETSP0100_2,--,Undescribed-sp-isolateNY0313808BC1,Bassem Allam,--,,,
MMETSP0101,--,Pteridomonas-danica-PT,Brian Palenik,--,,,
MMETSP0102,--,Pteridomonas-danica-PT,Brian Palenik,--,,,
MMETSP0103,--,Paraphysomonas-imperforata-PA2,Brian Palenik,--,,,
MMETSP0104,--,Paraphysomonas-imperforata-PA2,Brian Palenik,--,,,
MMETSP0105_2,--,Acanthoeca-like_sp._10tr,Brian Palenik,--,Acanthoeca,10tr,"removed ""like"""
MMETSP0106_2,--,Acanthoeca-like_sp._10tr,Brian Palenik,--,Acanthoeca,10tr,"removed ""like"""
MMETSP0107_2,--,Goniomonas-pacifica-CCMP1869,Brian Palenik,--,,,
MMETSP0108,--,Goniomonas-pacifica-CCMP1869,Brian Palenik,--,,,
MMETSP0109,--,NA,Patrick Keeling,--,,,
MMETSP0110_2,--,NA,Patrick Keeling,--,,,
MMETSP0111_2,--,Lotharella-globosa-CCCM811,Patrick Keeling,--,,,
MMETSP0112_2,--,Lotharella-globosa-CCCM811,Patrick Keeling,--,,,
MMETSP0113_2,--,NA,Patrick Keeling,--,,,
MMETSP0114,--,NA,John Archibald,--,,,
MMETSP0115,--,NA,John Archibald,--,,,
MMETSP0116_2,--,Durinskia_baltica_CSIRO CS-38,Behzad Imanian,--,,,
MMETSP0117_2,--,Durinskia_baltica_CSIRO CS-38,Behzad Imanian,--,,,
MMETSP0118_2,--,Glenodinium-foliaceum-CCAP1116_3,Behzad Imanian,--,,,
MMETSP0119_2,--,Glenodinium-foliaceum-CCAP1116_3,Behzad Imanian,--,,,
MMETSP0120_2,--,Kryptoperidinium-foliaceum-CCMP1326,Behzad Imanian,--,,,
MMETSP0121_2,--,Kryptoperidinium-foliaceum-CCMP1326,Behzad Imanian,--,,,
MMETSP0123,--,NA,Denis Lynn,--,,,
MMETSP0125,--,NA,Denis Lynn,--,,,
MMETSP0126,--,NA,Denis Lynn,--,,,
MMETSP0127,--,NA,Denis Lynn,--,,,
MMETSP0132_2,MMETSP0132_2C,Symbiodinium-kawagutii-CCMP2468,Senjie Lin,yes,,,
MMETSP0133_2,MMETSP0132_2C,Symbiodinium-kawagutii-CCMP2468,Senjie Lin,yes,,,
MMETSP0134_2,MMETSP0132_2C,Symbiodinium-kawagutii-CCMP2468,Senjie Lin,yes,,,
MMETSP0135_2,MMETSP0132_2C,Symbiodinium-kawagutii-CCMP2468,Senjie Lin,yes,,,
MMETSP0139_2,--,Pseudo-nitzschia_australis_10249 10 AB,G Jason Smith,--,,,
MMETSP0140_2,--,Pseudo-nitzschia_australis_10249 10 AB,G Jason Smith,--,,,
MMETSP0141_2,--,Pseudo-nitzschia_australis_10249 10 AB,G Jason Smith,--,,,
MMETSP0142_2,--,Pseudo-nitzschia_australis_10249 10 AB,G Jason Smith,--,,,
MMETSP0143,--,Chrysochromulina-polylepis-CCMP1757,Sonya Dyhrman,--,,,
MMETSP0145,--,Chrysochromulina-polylepis-CCMP1757,Sonya Dyhrman,--,,,
MMETSP0146,--,Chrysochromulina-polylepis-CCMP1757,Sonya Dyhrman,--,,,
MMETSP0147,--,Chrysochromulina-polylepis-CCMP1757,Sonya Dyhrman,--,,,
MMETSP0149,--,Chaetoceros_debilis_MM31A-1,Bank Beszteri,--,,,
MMETSP0150,--,Chaetoceros_debilis_MM31A-1,Bank Beszteri,--,,,
MMETSP0151_2,--,NA,Alexander Kudryavtsev,--,,,
MMETSP0152,--,Thalassiothrix_antarctica_L6-D1,Bank Beszteri,--,,,
MMETSP0154,--,Thalassiothrix_antarctica_L6-D1,Bank Beszteri,--,,,
MMETSP0156,--,Thalassionema_nitzschioides_L26-B,Bank Beszteri,--,,,
MMETSP0158,--,Thalassionema_nitzschioides_L26-B,Bank Beszteri,--,,,
MMETSP0160_2,--,NA,Declen Schroeder,--,,,
MMETSP0161_2,--,NA,Alexander Kudryavtsev,--,,,
MMETSP0164_2,--,NA,Glen Wheeler,--,,,
MMETSP0166,--,NA,Alexander Kudryavtsev,--,,,
MMETSP0167,--,Rhodella-maculata-CCMP736,Thomas Mock,--,,,
MMETSP0168,--,NA,Alexander Kudryavtsev,--,,,
MMETSP0169,--,Corethron_pennatum_L29A3,Bank Beszteri,--,,,
MMETSP0171,--,Corethron_pennatum_L29A3,Bank Beszteri,--,,,
MMETSP0173_2,--,NA,Alexander Kudryavtsev,--,,,
MMETSP0174,--,Proboscia_alata_PI-D3,Bank Beszteri,--,,,
MMETSP0176,--,Proboscia_alata_PI-D3,Bank Beszteri,--,,,
MMETSP0186,--,NA,Claudio Slamovits,yes,,,
MMETSP0190_2,--,NA,Alexander Kudryavtsev,--,,,
MMETSP0191,--,NA,Alexander Kudryavtsev,--,,,
MMETSP0196,MMETSP196C,Alexandrium-fundyense-CCMP1719,Senjie Lin,yes,,,
MMETSP0197,MMETSP196C,Alexandrium-fundyense-CCMP1719,Senjie Lin,yes,,,
MMETSP0198_2,--,Thraustochytrium-sp-LLF1b,Eric Allen,--,,,
MMETSP0199_2,--,Thraustochytrium-sp-LLF1b,Eric Allen,--,,,
MMETSP0200_2,--,NA,Randor Radakovits,--,,,
MMETSP0201,--,Karenia-brevis-Wilson,Senjie Lin,--,,,
MMETSP0202,--,Karenia-brevis-Wilson,Senjie Lin,--,,,
MMETSP0205,--,Euplotes-focardii-TN1,Cristina Miceli,--,,,
MMETSP0206,--,Euplotes-focardii-TN1,Cristina Miceli,--,,,
MMETSP0208,--,NA,Denis Lynn,--,,,
MMETSP0209,--,NA,Denis Lynn,--,,,
MMETSP0210,--,NA,Denis Lynn,--,,,
MMETSP0211,--,NA,Denis Lynn,--,,,
MMETSP0213,--,NA,Denis Lynn,--,,,
MMETSP0216,--,NA,Denis Lynn,--,,,
MMETSP0223_2,--,NA,Patrick Keeling,--,,,
MMETSP0224,--,NA,Patrick Keeling,--,,,
MMETSP0225,--,NA,Patrick Keeling,yes,,,
MMETSP0227,--,NA,Patrick Keeling,--,,,
MMETSP0228,--,NA,Patrick Keeling,--,,,
MMETSP0229_2,--,NA,Patrick Keeling,yes,,,
MMETSP0232,--,Debaryomyces-hansenii-J26,Govind Nadathur,--,,,
MMETSP0233,--,Debaryomyces-hansenii-J26,Govind Nadathur,--,,,
MMETSP0234,--,Debaryomyces-hansenii-J26,Govind Nadathur,--,,,
MMETSP0235,--,Debaryomyces-hansenii-J26,Govind Nadathur,--,,,
MMETSP0251_2,--,NA,Patrick Keeling,yes,,,
MMETSP0252,--,NA,Patrick Keeling,yes,,,
MMETSP0253,--,NA,Patrick Keeling,yes,,,
MMETSP0258,--,Amphidinium-carterae-CCMP1314,Boris Wawrik,--,,,
MMETSP0259,--,Amphidinium-carterae-CCMP1314,Boris Wawrik,--,,,
MMETSP0267,--,Prorocentrum-minimum-CCMP2233,Boris Wawrik,--,,,
MMETSP0268,--,Prorocentrum-minimum-CCMP2233,Boris Wawrik,--,,,
MMETSP0269,--,Prorocentrum-minimum-CCMP2233,Boris Wawrik,--,,,
MMETSP0270,--,Scrippsiella-trochoidea-CCMP3099,Boris Wawrik,--,,,
MMETSP0271,--,Scrippsiella-trochoidea-CCMP3099,Boris Wawrik,--,,,
MMETSP0272,--,Scrippsiella-trochoidea-CCMP3099,Boris Wawrik,--,,,
MMETSP0286,--,NA,Bente Edvardsen,--,,,
MMETSP0287,--,NA,Bente Edvardsen,--,,,
MMETSP0288,--,NA,Patrick Keeling,--,,,
MMETSP0290,--,NA,Patrick Keeling,--,,,
MMETSP0292,--,Heterosigma-akashiwo-CCMP2393,Sonya Dyhrman,--,,,
MMETSP0294,--,Heterosigma-akashiwo-CCMP2393,Sonya Dyhrman,--,,,
MMETSP0295,--,Heterosigma-akashiwo-CCMP2393,Sonya Dyhrman,--,,,
MMETSP0296,--,Heterosigma-akashiwo-CCMP2393,Sonya Dyhrman,--,,,
MMETSP0308,--,Gloeochaete-witrockiana-SAG46_84,Patrick Keeling,--,Gloeochaete wittrockiana,SAG 46.84,misspelled 
MMETSP0312,--,NA,Patrick Keeling,--,,,
MMETSP0313,--,NA,Patrick Keeling,--,,,
MMETSP0314,--,Rhodella-maculata-CCMP736,Patrick Keeling,--,,,
MMETSP0315,--,NA,Patrick Keeling,--,,,
MMETSP0316,--,Amphora-coffeaeformis-CCMP127,Peter Stief,--,,,
MMETSP0317,--,Amphora-coffeaeformis-CCMP127,Peter Stief,--,,,
MMETSP0318_2,--,Amphora-coffeaeformis-CCMP127,Peter Stief,--,,,
MMETSP0319,--,NA,Satoshi Nagai,--,,,
MMETSP0320,--,NA,Satoshi Nagai,--,,,
MMETSP0321,--,NA,Adriana Zingone,--,,,
MMETSP0322,--,NA,Adriana Zingone,--,,,
MMETSP0323_2,--,Crypthecodinium-cohnii-Seligo,Philippe Deschamps,--,,,
MMETSP0324_2,--,Crypthecodinium-cohnii-Seligo,Philippe Deschamps,--,,,
MMETSP0325_2,--,Crypthecodinium-cohnii-Seligo,Philippe Deschamps,--,,,
MMETSP0326_2,--,Crypthecodinium-cohnii-Seligo,Philippe Deschamps,--,,,
MMETSP0327,--,NA,Marina Montresor,--,,,
MMETSP0328,--,NA,Kjetill Sigurd Jakobsen,yes,,,
MMETSP0329,--,NA,Marina Montresor,--,,,
MMETSP0347,--,Alexandrium-fundyense-CCMP1719,Kjetill Sigurd Jakobsen,yes,,,
MMETSP0359,--,Scrippsiella-hangoei-SHTV5,Karin Rengefors,--,,,
MMETSP0360,--,Scrippsiella-hangoei-SHTV5,Karin Rengefors,--,,,
MMETSP0361,--,Scrippsiella-hangoei-SHTV5,Karin Rengefors,--,,,
MMETSP0367,--,Scrippsiella_hangoei-like_SHHI-4,Karin Rengefors,--,Scrippsiella hangoei,SHHI-4,"removed ""like"""
MMETSP0368,--,Scrippsiella_hangoei-like_SHHI-4,Karin Rengefors,--,Scrippsiella hangoei,SHHI-4,"removed ""like"""
MMETSP0369,--,Scrippsiella_hangoei-like_SHHI-4,Karin Rengefors,--,Scrippsiella hangoei,SHHI-4,"removed ""like"""
MMETSP0370,--,Peridinium-aciculiferum-PAER_2,Karin Rengefors,--,,,
MMETSP0371,--,Peridinium-aciculiferum-PAER_2,Karin Rengefors,--,,,
MMETSP0372,--,NA,Claudio Slamovits,yes,,,
MMETSP0378,MMETSP0378C,Alexandrium-temarense-CCMP1771,Mary Ann Moran,--,,,
MMETSP0380,MMETSP0378C,Alexandrium-temarense-CCMP1771,Mary Ann Moran,--,,,
MMETSP0382,--,Alexandrium-temarense-CCMP1771,Mary Ann Moran,--,,,
MMETSP0384,--,Alexandrium-temarense-CCMP1771,Mary Ann Moran,--,,,
MMETSP0397,--,NA,Edward Theriot,--,,,
MMETSP0398,MMETSP0398C,Amphidinium-carterae-CCMP1314,Senjie Lin,yes,,,
MMETSP0399,MMETSP0398C,Amphidinium-carterae-CCMP1314,Senjie Lin,yes,,,
MMETSP0403,--,Thalassiosira-rotula-CCMP3096,Bethany Jenkins,--,,,
MMETSP0404_2,--,Thalassiosira-rotula-CCMP3096,Bethany Jenkins,--,,,
MMETSP0405,--,NA,Laura  Katz,--,,,
MMETSP0409,--,Heterosigma-akashiwo-CCMP3107,Susanne Menden-Deuer,--,,,
MMETSP0410,--,Heterosigma-akashiwo-CCMP3107,Susanne Menden-Deuer,--,,,
MMETSP0411,--,Heterosigma-akashiwo-CCMP3107,Susanne Menden-Deuer,--,,,
MMETSP0413,--,NA,Laura  Katz,--,,,
MMETSP0414,--,Heterosigma_akashiwo_NB,Susanne Menden-Deuer,--,,,
MMETSP0415,--,Heterosigma_akashiwo_NB,Susanne Menden-Deuer,--,,,
MMETSP0416,--,Heterosigma_akashiwo_NB,Susanne Menden-Deuer,--,,,
MMETSP0417,--,NA,Laura  Katz,--,,,
MMETSP0418,--,NA,Edward Theriot,--,,,
MMETSP0419_2,--,NA,SARAH D'ADAMO,--,,,
MMETSP0420,--,NA,Laura  Katz,--,,,
MMETSP0434,--,Favella taraikaensis,Susanne Menden-Deuer,--,,,
MMETSP0436,--,Favella taraikaensis,Susanne Menden-Deuer,--,,,
MMETSP0437,--,NA,Laura  Katz,--,,,
MMETSP0439,--,NA,Laura  Katz,--,,,
MMETSP0447,--,NA,Laura  Katz,--,,,
MMETSP0448,--,NA,Susanne Menden-Deuer,--,,,
MMETSP0449_2,--,NA,George McManus,--,,,
MMETSP0451_2,MMETSP0451_2C,Oxyrrhis-marina-CCMP1795,Senjie Lin,yes,,,
MMETSP0452_2,MMETSP0451_2C,Oxyrrhis-marina-CCMP1795,Senjie Lin,yes,,,
MMETSP0463,--,NA,George McManus,--,,,
MMETSP0467,--,NA,George McManus,--,,,
MMETSP0468,--,Oxyrrhis-marina,Susanne Menden-Deuer,--,,,
MMETSP0469,--,Oxyrrhis-marina,Susanne Menden-Deuer,--,,,
MMETSP0470,--,Oxyrrhis-marina,Susanne Menden-Deuer,--,,,
MMETSP0471,--,Oxyrrhis-marina,Susanne Menden-Deuer,--,,,
MMETSP0472,--,NA,George McManus,--,,,
MMETSP0484_2,--,NA,George McManus,--,,,
MMETSP0491_2,--,NA,George McManus,--,,,
MMETSP0492,--,Thalassiosira_gravida_GMp14c1,Tatiana Rynearson,--,,,
MMETSP0493,--,Thalassiosira_gravida_GMp14c1,Tatiana Rynearson,--,,,
MMETSP0494,--,Thalassiosira_gravida_GMp14c1,Tatiana Rynearson,--,,,
MMETSP0503,--,NA,George McManus,--,,,
MMETSP0527_2,--,Karenia-brevis-SP3,Lisa Campbell,--,,,
MMETSP0528_2,--,Karenia-brevis-SP3,Lisa Campbell,--,,,
MMETSP0562,--,Skeletonema-dohrnii-SkelB,Tatiana Rynearson,--,,,
MMETSP0563,--,Skeletonema-dohrnii-SkelB,Tatiana Rynearson,--,,,
MMETSP0573,--,Karenia-brevis-SP1,Lisa Campbell,--,,,
MMETSP0574,--,Karenia-brevis-SP1,Lisa Campbell,--,,,
MMETSP0578,--,NA,Tatiana Rynearson,--,,,
MMETSP0580,--,NA,Heidi Sosik Sosik,--,,,
MMETSP0593,--,NA,Tatiana Rynearson,--,,,
MMETSP0595,--,Isochrysis-galbana-CCMP1323,Susanne Menden-Deuer,--,,,
MMETSP0603,--,Skeletonema-menzelii-CCMP793,Tatiana Rynearson,--,Skeletonema menzellii ,CCMP793 ,misspelled 
MMETSP0604,--,Skeletonema-menzelii-CCMP793,Tatiana Rynearson,--,Skeletonema menzellii ,CCMP793 ,misspelled 
MMETSP0648_2,--,Karenia-brevis-Wilson,Lisa Campbell,--,,,
MMETSP0649_2,--,Karenia-brevis-Wilson,Lisa Campbell,--,,,
MMETSP0661,--,NA,Shauna Murray,--,,,
MMETSP0689_2,--,NA,Shauna Murray,--,,,
MMETSP0693,--,NA,Heidi Sosik Sosik,--,,,
MMETSP0696,--,Extubocellulus_spinifer_CCMP396,Sarah Smith,--,,,
MMETSP0697,--,Extubocellulus_spinifer_CCMP396,Sarah Smith,--,,,
MMETSP0698,--,Extubocellulus_spinifer_CCMP396,Sarah Smith,--,,,
MMETSP0699,--,Extubocellulus_spinifer_CCMP396,Sarah Smith,--,,,
MMETSP0705,--,Asterionellopsis-glacialis-CCMP134,Sarah Smith,--,,,
MMETSP0706,--,Asterionellopsis-glacialis-CCMP134,Sarah Smith,--,,,
MMETSP0707,--,Asterionellopsis-glacialis-CCMP134,Sarah Smith,--,,,
MMETSP0708,--,Asterionellopsis-glacialis-CCMP134,Sarah Smith,--,,,
MMETSP0713,--,NA,Heidi Sosik Sosik,--,,,
MMETSP0716,--,Chaetoceros-curvisetus,Sarah Smith,--,,,
MMETSP0717,--,Chaetoceros-curvisetus,Sarah Smith,--,,,
MMETSP0718,--,Chaetoceros-curvisetus,Sarah Smith,--,,,
MMETSP0719,--,Chaetoceros-curvisetus,Sarah Smith,--,,,
MMETSP0724,--,Amphiprora-sp,Sarah Smith,--,Amphiprora,CCMP467,no strain
MMETSP0725,--,Amphiprora-sp,Sarah Smith,--,Amphiprora,CCMP467,no strain
MMETSP0726,--,Amphiprora-sp,Sarah Smith,--,Amphiprora,CCMP467,no strain
MMETSP0727,--,Amphiprora-sp,Sarah Smith,--,Amphiprora,CCMP467,no strain
MMETSP0733,--,Fragilariopsis-kerguelensis-L26_C5,Adrian Marchetti,--,,,
MMETSP0734,--,Fragilariopsis-kerguelensis-L26_C5,Adrian Marchetti,--,,,
MMETSP0735,--,Fragilariopsis-kerguelensis-L26_C5,Adrian Marchetti,--,,,
MMETSP0736,--,Fragilariopsis-kerguelensis-L26_C5,Adrian Marchetti,--,,,
MMETSP0737,--,Thalassiosira_miniscula_CCMP1093,Sarah Smith,--,Thalassiosira minuscula,CCMP1093,misspelled 
MMETSP0738,--,Thalassiosira_miniscula_CCMP1093,Sarah Smith,--,Thalassiosira minuscula,CCMP1093,misspelled 
MMETSP0739,--,Thalassiosira_miniscula_CCMP1093,Sarah Smith,--,Thalassiosira minuscula,CCMP1093,misspelled 
MMETSP0740,--,Thalassiosira_miniscula_CCMP1093,Sarah Smith,--,Thalassiosira minuscula,CCMP1093,misspelled 
MMETSP0744,--,Nitzschia_punctata_CCMP561,Sarah Smith,--,,,
MMETSP0745,--,Nitzschia_punctata_CCMP561,Sarah Smith,--,,,
MMETSP0746,--,Nitzschia_punctata_CCMP561,Sarah Smith,--,,,
MMETSP0747,--,Nitzschia_punctata_CCMP561,Sarah Smith,--,,,
MMETSP0751,--,Chaetoceros_neogracile_CCMP1317,Sarah Smith,--,,,
MMETSP0752,--,Chaetoceros_neogracile_CCMP1317,Sarah Smith,--,,,
MMETSP0753,--,Chaetoceros_neogracile_CCMP1317,Sarah Smith,--,,,
MMETSP0754,--,Chaetoceros_neogracile_CCMP1317,Sarah Smith,--,,,
MMETSP0758,--,NA,alastair simpson,--,,,
MMETSP0759,--,NA,alastair simpson,--,,,
MMETSP0766_2,--,NA,Shauna Murray,--,,,
MMETSP0780_2,--,NA,John Archibald,--,,,
MMETSP0784,--,NA,Jeremiah Hackett,--,,,
MMETSP0785,--,NA,Ginger Armbrust,--,,,
MMETSP0786,--,NA,Ginger Armbrust,--,,,
MMETSP0789,--,NA,Ginger Armbrust,--,,,
MMETSP0790,--,NA,Jeremiah Hackett,--,,,
MMETSP0794_2,--,NA,Ginger Armbrust,--,,,
MMETSP0795,--,NA,Jeremiah Hackett,--,,,
MMETSP0796,--,NA,Jeremiah Hackett,--,,,
MMETSP0797,--,NA,Jeremiah Hackett,--,,,
MMETSP0798,--,NA,Jeremiah Hackett,--,,,
MMETSP0799,--,NA,Jeremiah Hackett,--,,,
MMETSP0800,--,NA,Ginger Armbrust,--,,,
MMETSP0802,--,Micromonas-sp-CCMP2099,Alexandra Worden,--,,,
MMETSP0803_2,--,NA,Alexandra Worden,--,,,
MMETSP0804,--,NA,Alexandra Worden,--,,,
MMETSP0806_2,--,NA,Alexandra Worden,--,,,
MMETSP0807_2,--,Picocystis-salinarum-CCMP1897,Alexandra Worden,--,,,
MMETSP0809,--,Eutreptiella_gymnastica-like_CCMP1594,David Caron,--,Eutreptiella gymnastica,CCMP1594,"removed ""like"""
MMETSP0810,--,Eutreptiella_gymnastica-like_CCMP1594,David Caron,--,Eutreptiella gymnastica,CCMP1594,"removed ""like"""
MMETSP0811_2,--,Eutreptiella_gymnastica-like_CCMP1594,David Caron,--,Eutreptiella gymnastica,CCMP1594,"removed ""like"""
MMETSP0812,--,Dinobryon-sp-UTEXLB2267,David Caron,--,,,
MMETSP0814,--,Prymnesium-parvum-Texoma1,David Caron,--,,,
MMETSP0815,--,Prymnesium-parvum-Texoma1,David Caron,--,,,
MMETSP0816,--,NA,Thomas Mock,--,,,
MMETSP0817,--,Tetraselmis_striata_LANL1001,Min  Park,--,,,
MMETSP0818,--,Tetraselmis_striata_LANL1001,Min  Park,--,,,
MMETSP0819,--,Tetraselmis_striata_LANL1001,Min  Park,--,,,
MMETSP0820,--,Tetraselmis_striata_LANL1001,Min  Park,--,,,
MMETSP0850,--,Pseudo-nitzschia_fraudulenta_WWA7,Bethany Jenkins,--,,,
MMETSP0851,--,Pseudo-nitzschia_fraudulenta_WWA7,Bethany Jenkins,--,,,
MMETSP0852,--,Pseudo-nitzschia_fraudulenta_WWA7,Bethany Jenkins,--,,,
MMETSP0853,--,Pseudo-nitzschia_fraudulenta_WWA7,Bethany Jenkins,--,,,
MMETSP0878,--,Thalassiosira-weissflogii-CCMP1336,Francois Morel,--,,,
MMETSP0879,--,Thalassiosira-weissflogii-CCMP1336,Francois Morel,--,,,
MMETSP0880,--,Thalassiosira-weissflogii-CCMP1336,Francois Morel,--,,,
MMETSP0881,--,Thalassiosira-weissflogii-CCMP1336,Francois Morel,--,,,
MMETSP0882,--,Pelagococcus-subviridis-CCMP1429,Christopher Gobler,--,,,
MMETSP0883,--,Pelagococcus-subviridis-CCMP1429,Christopher Gobler,--,,,
MMETSP0884,--,Pelagococcus-subviridis-CCMP1429,Christopher Gobler,--,,,
MMETSP0885,--,Pelagococcus-subviridis-CCMP1429,Christopher Gobler,--,,,
MMETSP0886,--,Pelagomonas_calceolata_CCMP1756,Christopher Gobler,--,,,
MMETSP0887,--,Pelagomonas_calceolata_CCMP1756,Christopher Gobler,--,,,
MMETSP0888,--,Pelagomonas_calceolata_CCMP1756,Christopher Gobler,--,,,
MMETSP0889,--,Pelagomonas_calceolata_CCMP1756,Christopher Gobler,--,,,
MMETSP0890,--,Aureoumbra-lagunensis-CCMP1510,Christopher Gobler,--,,,
MMETSP0891,--,Aureoumbra-lagunensis-CCMP1510,Christopher Gobler,--,,,
MMETSP0892,--,Aureoumbra-lagunensis-CCMP1510,Christopher Gobler,--,,,
MMETSP0893,--,Aureoumbra-lagunensis-CCMP1510,Christopher Gobler,--,,,
MMETSP0894_2,--,Heterosigma-akashiwo-CCMP452,Rose Ann Cattolico,--,,,
MMETSP0895_2,--,Heterosigma-akashiwo-CCMP452,Rose Ann Cattolico,--,,,
MMETSP0896_2,--,Heterosigma-akashiwo-CCMP452,Rose Ann Cattolico,--,,,
MMETSP0897_2,--,Heterosigma-akashiwo-CCMP452,Rose Ann Cattolico,--,,,
MMETSP0898_2,--,Thalassiosira-weissflogii-CCMP1010,Bethany Jenkins,--,,,
MMETSP0899_2,--,Thalassiosira-weissflogii-CCMP1010,Bethany Jenkins,--,,,
MMETSP0900_2,--,Thalassiosira-weissflogii-CCMP1010,Bethany Jenkins,--,,,
MMETSP0901_2,--,Thalassiosira-weissflogii-CCMP1010,Bethany Jenkins,--,,,
MMETSP0902,--,Thalassiosira_antarctica_CCMP982,Thomas Mock,--,,,
MMETSP0903,--,Thalassiosira_antarctica_CCMP982,Thomas Mock,--,,,
MMETSP0904,--,Thalassiosira_antarctica_CCMP982,Thomas Mock,--,,,
MMETSP0905,--,Thalassiosira_antarctica_CCMP982,Thomas Mock,--,,,
MMETSP0906,--,Fragilariopsis_kerguelensis_L2-C3,Thomas Mock,--,,,
MMETSP0907,--,Fragilariopsis_kerguelensis_L2-C3,Thomas Mock,--,,,
MMETSP0908,--,Fragilariopsis_kerguelensis_L2-C3,Thomas Mock,--,,,
MMETSP0909,--,Fragilariopsis_kerguelensis_L2-C3,Thomas Mock,--,,,
MMETSP0910,--,Thalassiosira-rotula-GSO102,Tatiana  Rynearson,--,,,
MMETSP0911,--,Thalassiosira-rotula-GSO102,Tatiana  Rynearson,--,,,
MMETSP0912,--,Thalassiosira-rotula-GSO102,Tatiana  Rynearson,--,,,
MMETSP0913,--,Thalassiosira-rotula-GSO102,Tatiana  Rynearson,--,,,
MMETSP0914,--,Aureococcus-anophagefferens-CCMP1850,Christopher Gobler,--,,,
MMETSP0915,--,Aureococcus-anophagefferens-CCMP1850,Christopher Gobler,--,,,
MMETSP0916,--,Aureococcus-anophagefferens-CCMP1850,Christopher Gobler,--,,,
MMETSP0917,--,Aureococcus-anophagefferens-CCMP1850,Christopher Gobler,--,,,
MMETSP0918,--,Skeletonema-marinoi-SkelA,Tatiana Rynearson,--,,,
MMETSP0920,--,Skeletonema-marinoi-SkelA,Tatiana Rynearson,--,,,
MMETSP0922,MMETSP0922C,Perkinsus-marinus-ATCC50439,Senjie Lin,yes,,,
MMETSP0923,MMETSP0922C,Perkinsus-marinus-ATCC50439,Senjie Lin,yes,,,
MMETSP0924,MMETSP0924C,Perkinsus-chesapeaki-ATCC_PRA_65,Senjie Lin,yes,,,
MMETSP0925,MMETSP0924C,Perkinsus-chesapeaki-ATCC_PRA_65,Senjie Lin,yes,,,
MMETSP0929,--,NA,Gwenael Piganeau,--,,,
MMETSP0930,--,NA,Gwenael Piganeau,--,,,
MMETSP0932,--,NA,Gwenael Piganeau,--,,,
MMETSP0933,--,NA,Gwenael Piganeau,--,,,
MMETSP0936,--,NA,Gwenael Piganeau,--,,,
MMETSP0937,--,NA,Gwenael Piganeau,--,,,
MMETSP0938,--,NA,Gwenael Piganeau,--,,,
MMETSP0939,--,NA,Gwenael Piganeau,--,,,
MMETSP0941,--,NA,Alexandra Worden,--,,,
MMETSP0942,--,NA,alastair simpson,--,,,
MMETSP0943,--,Isochrysis-galbana-CCMP1323,Linda  Amaral Zettler,--,,,
MMETSP0944,--,Isochrysis-galbana-CCMP1323,Linda  Amaral Zettler,--,,,
MMETSP0945,--,Vaucheria_litorea_CCMP2940,Karen  Pelletreau,--,,,
MMETSP0946,--,Vaucheria_litorea_CCMP2940,Karen  Pelletreau,--,,,
MMETSP0947,--,Chattonella-subsalsa-CCMP2191,Kathryn Coyne,--,,,
MMETSP0948,--,Chattonella-subsalsa-CCMP2191,Kathryn Coyne,--,,,
MMETSP0949,--,Chattonella-subsalsa-CCMP2191,Kathryn Coyne,--,,,
MMETSP0950,--,Chattonella-subsalsa-CCMP2191,Kathryn Coyne,--,,,
MMETSP0954,--,Aplanochytrium_sp._PBS07,Jackie Collier,--,,,
MMETSP0955,--,Aplanochytrium_sp._PBS07,Jackie Collier,--,,,
MMETSP0956,--,Aplanochytrium_sp._PBS07,Jackie Collier,--,,,
MMETSP0957,--,Aplanochytrium_sp._PBS07,Jackie Collier,--,,,
MMETSP0958,--,Aurantiochytrium-limacinum-ATCCMYA1381,Jackie Collier,--,,,
MMETSP0959,--,Aurantiochytrium-limacinum-ATCCMYA1381,Jackie Collier,--,,,
MMETSP0960,--,Aurantiochytrium-limacinum-ATCCMYA1381,Jackie Collier,--,,,
MMETSP0961,--,Aurantiochytrium-limacinum-ATCCMYA1381,Jackie Collier,--,,,
MMETSP0962,--,Schizochytrium-aggregatum-ATCC28209,Jackie Collier,--,,,
MMETSP0963,--,Schizochytrium-aggregatum-ATCC28209,Jackie Collier,--,,,
MMETSP0964,--,Schizochytrium-aggregatum-ATCC28209,Jackie Collier,--,,,
MMETSP0965,--,Schizochytrium-aggregatum-ATCC28209,Jackie Collier,--,,,
MMETSP0970,--,Thalassiosira-oceanica-CCMP1005,Bethany Jenkins,--,,,
MMETSP0971,--,Thalassiosira-oceanica-CCMP1005,Bethany Jenkins,--,,,
MMETSP0972,--,Thalassiosira-oceanica-CCMP1005,Bethany Jenkins,--,,,
MMETSP0973,--,Thalassiosira-oceanica-CCMP1005,Bethany Jenkins,--,,,
MMETSP0974,--,Undescribed-sp-CCMP2097,Connie Lovejoy,--,,,
MMETSP0975,--,Undescribed-sp-CCMP2097,Connie Lovejoy,--,,,
MMETSP0976,--,Undescribed-sp-CCMP2097,Connie Lovejoy,--,,,
MMETSP0977,--,Undescribed-sp-CCMP2097,Connie Lovejoy,--,,,
MMETSP0982,--,Undescribed-sp-CCMP2436,Connie Lovejoy,--,,,
MMETSP0983,--,Undescribed-sp-CCMP2436,Connie Lovejoy,--,,,
MMETSP0984,--,Undescribed-sp-CCMP2436,Connie Lovejoy,--,,,
MMETSP0985,--,Undescribed-sp-CCMP2436,Connie Lovejoy,--,,,
MMETSP0986,--,Undescribed-sp-CCMP2293,Connie Lovejoy,--,,,
MMETSP0987,--,Undescribed-sp-CCMP2293,Connie Lovejoy,--,,,
MMETSP0988,--,Undescribed-sp-CCMP2293,Connie Lovejoy,--,,,
MMETSP0989,--,Undescribed-sp-CCMP2293,Connie Lovejoy,--,,,
MMETSP0990,--,Undescribed-sp-CCMP2098,Connie Lovejoy,--,,,
MMETSP0991,--,Undescribed-sp-CCMP2098,Connie Lovejoy,--,,,
MMETSP0992,--,Undescribed-sp-CCMP2098,Connie Lovejoy,--,,,
MMETSP0993,--,Undescribed-sp-CCMP2098,Connie Lovejoy,--,,,
MMETSP0994,--,Emiliania-huxleyi-379,Kay Bidle,--,,,
MMETSP0995,--,Emiliania-huxleyi-379,Kay Bidle,--,,,
MMETSP0996,--,Emiliania-huxleyi-379,Kay Bidle,--,,,
MMETSP0997,--,Emiliania-huxleyi-379,Kay Bidle,--,,,
MMETSP0998,--,Ditylum-brightwellii-GSO105,Tatiana Rynearson,--,,,
MMETSP1001,--,Ditylum-brightwellii-GSO105,Tatiana Rynearson,--,,,
MMETSP1002,--,Ditylum-brightwellii-GSO103,Tatiana Rynearson,--,,,
MMETSP1005,--,Ditylum-brightwellii-GSO103,Tatiana Rynearson,--,,,
MMETSP1006,--,Emiliania-huxleyi-374,Kay Bidle,--,,,
MMETSP1007,--,Emiliania-huxleyi-374,Kay Bidle,--,,,
MMETSP1008,--,Emiliania-huxleyi-374,Kay Bidle,--,,,
MMETSP1009,--,Emiliania-huxleyi-374,Kay Bidle,--,,,
MMETSP1010,--,Ditylum-brightwellii-GSO104,Tatiana Rynearson,--,,,
MMETSP1012,--,Ditylum-brightwellii-GSO104,Tatiana Rynearson,--,,,
MMETSP1013,--,Ditylum-brightwellii-GSO104,Tatiana Rynearson,--,,,
MMETSP1015,--,Karlodinium_micrum_CCMP2283,Boris Wawrik,--,,,
MMETSP1016,--,Karlodinium_micrum_CCMP2283,Boris Wawrik,--,,,
MMETSP1017,--,Karlodinium_micrum_CCMP2283,Boris Wawrik,--,,,
MMETSP1018,--,NA,Spencer Greenwood,--,,,
MMETSP1019,--,NA,Spencer Greenwood,--,,,
MMETSP1032,--,Lingulodinium-polyedra-CCMP1738,Mary Ann Moran,--,,,
MMETSP1033,--,Lingulodinium-polyedra-CCMP1738,Mary Ann Moran,--,,,
MMETSP1034,--,Lingulodinium-polyedra-CCMP1738,Mary Ann Moran,--,,,
MMETSP1035,--,Lingulodinium-polyedra-CCMP1738,Mary Ann Moran,--,,,
MMETSP1036_2,--,Azadinium-spinosum-3D9,uwe john,--,,,
MMETSP1037_2,--,Azadinium-spinosum-3D9,uwe john,--,,,
MMETSP1038_2,--,Azadinium-spinosum-3D9,uwe john,--,,,
MMETSP1039,--,NA,Giovanna Romano,--,,,
MMETSP1040,--,NA,Giovanna Romano,--,,,
MMETSP1041,--,NA,John Archibald,--,,,
MMETSP1042,--,NA,John Archibald,--,,,
MMETSP1043,--,NA,John Archibald,--,,,
MMETSP1047,--,NA,John Archibald,--,,,
MMETSP1048,--,NA,John Archibald,--,,,
MMETSP1049,--,NA,John Archibald,--,,,
MMETSP1050,--,NA,John Archibald,--,,,
MMETSP1052,--,NA,John Archibald,--,,,
MMETSP1054,--,NA,John Archibald,--,,,
MMETSP1055,--,NA,John Archibald,--,,,
MMETSP1057,--,NA,Ginger Armbrust,--,,,
MMETSP1058,--,NA,Ginger Armbrust,--,,,
MMETSP1059,--,NA,Ginger Armbrust,--,,,
MMETSP1060,--,NA,Ginger Armbrust,--,,,
MMETSP1061,--,NA,Ginger Armbrust,--,,,
MMETSP1062,--,NA,Ginger Armbrust,--,,,
MMETSP1063,--,NA,Ginger Armbrust,--,,,
MMETSP1064,--,NA,Ginger Armbrust,--,,,
MMETSP1065,--,NA,Ginger Armbrust,--,,,
MMETSP1066,--,NA,Ginger Armbrust,--,,,
MMETSP1067,--,NA,Ginger Armbrust,--,,,
MMETSP1068,--,Pseudopedinella-elastica-CCMP716,Ginger Armbrust,--,,,
MMETSP1070,--,NA,Ginger Armbrust,--,,,
MMETSP1071,--,NA,Ginger Armbrust,--,,,
MMETSP1074,--,Ceratium_fusus_PA161109,Susanne Menden-Deuer,--,,,
MMETSP1075,--,Ceratium_fusus_PA161109,Susanne Menden-Deuer,--,,,
MMETSP1080,--,NA,Alexandra Worden,--,,,
MMETSP1081,--,NA,Alexandra Worden,--,,,
MMETSP1082,--,Micromonas-sp-NEPCC29,Alexandra Worden,--,,,
MMETSP1083,--,Prymnesium-parvum-Texoma1,David Caron,--,,,
MMETSP1084,--,Micromonas-sp-RCC472,Alexandra Worden,--,,,
MMETSP1085,--,NA,Alexandra Worden,--,,,
MMETSP1086,--,NA,Alexandra Worden,--,,,
MMETSP1089,--,Gloeochaete-witrockiana-SAG46_84,Alexandra Worden,--,Gloeochaete wittrockiana,SAG46.84,misspelled 
MMETSP1090,--,Isochrysis-sp-CCMP1244,Alexandra Worden,--,,,
MMETSP1091,--,Rhodomonas-sp-CCMP768,Alexandra Worden,--,,,
MMETSP1094,--,NA,David Caron,--,,,
MMETSP1095,--,NA,David Caron,--,,,
MMETSP1096,--,NA,David Caron,--,,,
MMETSP1097,--,Pseudopedinella-elastica-CCMP716,David Caron,--,,,
MMETSP1098,--,NA,David Caron,--,,,
MMETSP1100,--,NA,David Caron,--,,,
MMETSP1101,--,NA,David Caron,--,,,
MMETSP1102,--,NA,David Caron,--,,,
MMETSP1103,--,NA,David Caron,--,,,
MMETSP1104,--,NA,David Caron,--,,,
MMETSP1105,--,NA,David Caron,--,,,
MMETSP1106,--,NA,David Caron,--,,,
MMETSP1107,--,NA,David Caron,--,,,
MMETSP1110,--,NA,Scott Lawrence,--,,,
MMETSP1114,--,NA,David Caron,--,,,
MMETSP1115,--,Symbiodinium-sp-CCMP2430,Scott Lawrence,--,,,
MMETSP1116,--,Symbiodinium-sp-CCMP2430,Scott Lawrence,--,,,
MMETSP1117,--,Symbiodinium-sp-CCMP2430,Scott Lawrence,--,,,
MMETSP1122,--,Symbiodinium-sp-Mp,Scott Lawrence,--,,,
MMETSP1123,--,Symbiodinium-sp-Mp,Scott Lawrence,--,,,
MMETSP1124,--,Symbiodinium-sp-Mp,Scott Lawrence,--,,,
MMETSP1125,--,Symbiodinium-sp-Mp,Scott Lawrence,--,,,
MMETSP1126,--,Dunaliella-tertiolecta-CCMP1320,Sheri Floge,--,,,
MMETSP1127,--,Dunaliella-tertiolecta-CCMP1320,Sheri Floge,--,,,
MMETSP1128,--,Dunaliella-tertiolecta-CCMP1320,Sheri Floge,--,,,
MMETSP1129,--,Isochrysis-sp-CCMP1324,Sheri Floge,--,,,
MMETSP1130,--,Isochrysis-sp-CCMP1324,Sheri Floge,--,,,
MMETSP1131,--,Isochrysis-sp-CCMP1324,Sheri Floge,--,,,
MMETSP1132,--,Isochrysis-sp-CCMP1324,Sheri Floge,--,,,
MMETSP1136,--,Pleurochrysis-carterae-CCMP645,Sheri Floge,--,,,
MMETSP1137,--,Pleurochrysis-carterae-CCMP645,Sheri Floge,--,,,
MMETSP1138,--,Pleurochrysis-carterae-CCMP645,Sheri Floge,--,,,
MMETSP1139,--,Pavlova-sp-CCMP459,Sheri Floge,--,,,
MMETSP1140,--,Pavlova-sp-CCMP459,Sheri Floge,--,,,
MMETSP1141,--,Undescribed-undescribed-CCMP2298,Connie Lovejoy,--,,,
MMETSP1142,--,Undescribed-undescribed-CCMP2298,Connie Lovejoy,--,,,
MMETSP1143,--,Undescribed-undescribed-CCMP2298,Connie Lovejoy,--,,,
MMETSP1144,--,Undescribed-undescribed-CCMP2298,Connie Lovejoy,--,,,
MMETSP1147,--,NA,Patrick Keeling,--,,,
MMETSP1148,--,NA,Patrick Keeling,yes,,,
MMETSP1150,--,Emiliania-huxleyi-PLYM219,Francois Morel,yes,,,
MMETSP1151,--,Emiliania-huxleyi-PLYM219,Francois Morel,--,,,
MMETSP1152,--,Emiliania-huxleyi-PLYM219,Francois Morel,--,,,
MMETSP1153,--,Emiliania-huxleyi-PLYM219,Francois Morel,--,,,
MMETSP1154,--,Emiliania-huxleyi-CCMP370,Francois Morel,--,,,
MMETSP1155,--,Emiliania-huxleyi-CCMP370,Francois Morel,--,,,
MMETSP1156,--,Emiliania-huxleyi-CCMP370,Francois Morel,--,,,
MMETSP1157,--,Emiliania-huxleyi-CCMP370,Francois Morel,--,,,
MMETSP1159,--,Picocystis-salinarum-CCMP1897,Mike Preston,--,,,
MMETSP1160,--,NA,Willie Wilson,--,,,
MMETSP1161,--,NA,Mike Preston,--,,,
MMETSP1162,--,NA,Mike Preston,--,,,
MMETSP1163,--,NA,Mike Preston,--,,,
MMETSP1164,--,NA,Mike Preston,--,,,
MMETSP1165,--,NA,Willie Wilson,--,,,
MMETSP1166,--,NA,Mike Preston,--,,,
MMETSP1167,--,NA,Mike Preston,--,,,
MMETSP1169,--,NA,Mike Preston,--,,,
MMETSP1170,--,NA,Willie Wilson,--,,,
MMETSP1171,--,NA,Mike Preston,--,,,
MMETSP1172,--,NA,Mike Preston,--,,,
MMETSP1173,--,NA,Mike Preston,--,,,
MMETSP1174,--,NA,Mike Preston,--,,,
MMETSP1175,--,NA,Willie Wilson,--,,,
MMETSP1176,--,NA,Mike Preston,--,,,
MMETSP1177,--,NA,Mike Preston,--,,,
MMETSP1178,--,NA,Mike Preston,--,,,
MMETSP1180,--,NA,Willie Wilson,--,,,
MMETSP1309,--,NA,Mike Preston,--,,,
MMETSP1310,--,NA,Willie Wilson,--,,,
MMETSP1311,--,NA,Willie Wilson,--,,,
MMETSP1312,--,NA,Mike Preston,--,,,
MMETSP1315,--,NA,Denis Lynn,--,,,
MMETSP1316,--,NA,Willie Wilson,--,,,
MMETSP1317,--,NA,Mike Preston,--,,,
MMETSP1318,--,NA,Willie Wilson,--,,,
MMETSP1319,--,NA,Mike Preston,--,,,
MMETSP1320,--,NA,Mike Preston,--,,,
MMETSP1321,--,NA,Mike Preston,--,,,
MMETSP1322,--,NA,Mike Preston,--,,,
MMETSP1323,--,NA,Mike Preston,--,,,
MMETSP1324,--,NA,Willie Wilson,--,,,
MMETSP1325,--,NA,Mike Preston,--,,,
MMETSP1326,--,NA,Willie Wilson,--,,,
MMETSP1327,--,NA,Mike Preston,--,,,
MMETSP1328,--,NA,Mike Preston,--,,,
MMETSP1329,--,NA,Mike Preston,--,,,
MMETSP1330,--,NA,Mike Preston,--,,,
MMETSP1333,--,NA,Mike Preston,--,,,
MMETSP1334,--,NA,Mike Preston,--,,,
MMETSP1335,--,NA,Mike Preston,--,,,
MMETSP1336,--,NA,Willie Wilson,--,,,
MMETSP1338,--,NA,Willie Wilson,--,,,
MMETSP1339,--,NA,Mike Preston,--,,,
MMETSP1344,--,NA,Mike Preston,--,,,
MMETSP1345,--,NA,Giulio Petroni,--,,,
MMETSP1346,--,Aplanochytrium_stocchinoi_GSBS06,Jackie Collier,--,,,
MMETSP1347,--,Aplanochytrium_stocchinoi_GSBS06,Jackie Collier,--,,,
MMETSP1348,--,Aplanochytrium_stocchinoi_GSBS06,Jackie Collier,--,,,
MMETSP1349,--,Aplanochytrium_stocchinoi_GSBS06,Jackie Collier,--,,,
MMETSP1352,--,NA,Mike Preston,--,,,
MMETSP1353,--,NA,Mike Preston,--,,,
MMETSP1354,--,NA,Mike Preston,--,,,
MMETSP1355,--,NA,John Archibald,--,,,
MMETSP1356,--,NA,John Archibald,--,,,
MMETSP1357,--,NA,John Archibald,--,,,
MMETSP1358,--,NA,John Archibald,--,,,
MMETSP1359,--,NA,John Archibald,--,,,
MMETSP1360,--,NA,Ginger Armbrust,--,,,
MMETSP1361,--,NA,Ginger Armbrust,--,,,
MMETSP1362,--,NA,Ginger Armbrust,--,,,
MMETSP1363,--,Gephyrocapsa-oceanica-RCC1303,Sonya Dyhrman,--,,,
MMETSP1364,--,Gephyrocapsa-oceanica-RCC1303,Sonya Dyhrman,--,,,
MMETSP1365,--,Gephyrocapsa-oceanica-RCC1303,Sonya Dyhrman,--,,,
MMETSP1366,--,Gephyrocapsa-oceanica-RCC1303,Sonya Dyhrman,--,,,
MMETSP1367,--,Symbiodinium_sp._C1,Hollie  Putnam,--,,,
MMETSP1369,--,Symbiodinium_sp._C1,Hollie  Putnam,--,,,
MMETSP1370,--,Symbiodinium-sp-C15,Hollie  Putnam,--,,,
MMETSP1371,--,Symbiodinium-sp-C15,Hollie  Putnam,--,,,
MMETSP1374,--,NA,Hollie  Putnam,--,,,
MMETSP1377,--,NA,Hollie  Putnam,--,,,
MMETSP1380,--,NA,Cristina Miceli,--,,,
MMETSP1381,--,Pavlova-sp-CCMP459,Sheri Floge,--,,,
MMETSP1384,--,NA,Roberto Sierra,--,,,
MMETSP1385,--,NA,Roberto Sierra,--,,,
MMETSP1386,--,Micromonas-sp-NEPCC29,Alexandra Worden,--,,,
MMETSP1387,--,Micromonas-sp-RCC472,Alexandra Worden,--,,,
MMETSP1388,--,Isochrysis-sp-CCMP1244,Alexandra Worden,--,,,
MMETSP1389,--,Rhodomonas-sp-CCMP768,Alexandra Worden,--,,,
MMETSP1390,--,Micromonas-sp-CCMP2099,Alexandra Worden,--,,,
MMETSP1391,--,NA,Alexandra Worden,--,,,
MMETSP1392,--,NA,Alexandra Worden,--,,,
MMETSP1393,--,NA,Alexandra Worden,--,,,
MMETSP1394,--,NA,Ginger Armbrust,--,,,
MMETSP1395,--,NA,Giulio Petroni,--,,,
MMETSP1396,--,NA,Giulio Petroni,--,,,
MMETSP1397,--,NA,Giulio Petroni,--,,,
MMETSP1399,--,NA,Alexandra Worden,--,,,
MMETSP1400,--,NA,Alexandra Worden,--,,,
MMETSP1401,--,NA,Alexandra Worden,--,,,
MMETSP1402,--,NA,Alexandra Worden,--,,,
MMETSP1403,--,NA,Alexandra Worden,--,,,
MMETSP1404,--,NA,Alexandra Worden,--,,,
MMETSP1405,--,Thalassiosira-weissflogii-CCMP1010,Bethany Jenkins,--,,,
MMETSP1406,--,Thalassiosira-weissflogii-CCMP1010,Bethany Jenkins,--,,,
MMETSP1407,--,Thalassiosira-weissflogii-CCMP1010,Bethany Jenkins,--,,,
MMETSP1408,--,Thalassiosira-weissflogii-CCMP1010,Bethany Jenkins,--,,,
MMETSP1409,--,Thalassiosira-weissflogii-CCMP1010,Bethany Jenkins,--,,,
MMETSP1410,--,Thalassiosira-weissflogii-CCMP1010,Bethany Jenkins,--,,,
MMETSP1411,--,Thalassiosira-weissflogii-CCMP1010,Bethany Jenkins,--,,,
MMETSP1412,--,Thalassiosira-weissflogii-CCMP1010,Bethany Jenkins,--,,,
MMETSP1413,--,Thalassiosira-weissflogii-CCMP1010,Bethany Jenkins,--,,,
MMETSP1414,--,Thalassiosira-weissflogii-CCMP1010,Bethany Jenkins,--,,,
MMETSP1415,--,Thalassiosira-weissflogii-CCMP1010,Bethany Jenkins,--,,,
MMETSP1416,--,Thalassiosira-weissflogii-CCMP1010,Bethany Jenkins,--,,,
MMETSP1417,--,Thalassiosira-weissflogii-CCMP1010,Bethany Jenkins,--,,,
MMETSP1418,--,Thalassiosira-weissflogii-CCMP1010,Bethany Jenkins,--,,,
MMETSP1419,--,Thalassiosira-weissflogii-CCMP1010,Bethany Jenkins,--,,,
MMETSP1420,--,Thalassiosira-weissflogii-CCMP1010,Bethany Jenkins,--,,,
MMETSP1421,--,Thalassiosira-weissflogii-CCMP1010,Bethany Jenkins,--,,,
MMETSP1422,--,Thalassiosira-weissflogii-CCMP1010,Bethany Jenkins,--,,,
MMETSP1423,--,NA,Ginger Armbrust,--,,,
MMETSP1424,--,Oxyrrhis-marina-LB1974,Matthew Johnson,--,,,
MMETSP1425,--,Oxyrrhis-marina-LB1974,Matthew Johnson,--,,,
MMETSP1426,--,Oxyrrhis-marina-LB1974,Matthew Johnson,--,,,
MMETSP1428,--,NA,Adrian Marchetti,--,,,
MMETSP1429,--,NA,Adrian Marchetti,--,,,
MMETSP1432,--,NA,Adrian Marchetti,--,,,
MMETSP1433,--,NA,Bassem Allam,--,,,
MMETSP1434,--,NA,Mike Preston,--,,,
MMETSP1435,--,NA,Mike Preston,--,,,
MMETSP1436,--,NA,Mike Preston,--,,,
MMETSP1437,--,NA,Mike Preston,--,,,
MMETSP1438,--,NA,Mike Preston,--,,,
MMETSP1439,--,NA,Mike Preston,--,,,
MMETSP1440,--,NA,Mike Preston,--,,,
MMETSP1441,--,NA,Mike Preston,--,,,
MMETSP1442,--,NA,Mike Preston,--,,,
MMETSP1443,--,NA,Mike Preston,--,,,
MMETSP1444,--,NA,Mike Preston,--,,,
MMETSP1445,--,NA,Mike Preston,--,,,
MMETSP1446,--,NA,Mike Preston,--,,,
MMETSP1447,--,NA,Mike Preston,--,,,
MMETSP1449,--,NA,Mike Preston,--,,,
MMETSP1450,--,NA,Mike Preston,--,,,
MMETSP1451,--,NA,Mike Preston,--,,,
MMETSP1452,--,NA,Mike Preston,--,,,
MMETSP1453,--,NA,Mike Preston,--,,,
MMETSP1456,--,NA,Mike Preston,--,,,
MMETSP1459,--,NA,Mike Preston,--,,,
MMETSP1460,--,NA,Mike Preston,--,,,
MMETSP1462,--,NA,Mike Preston,--,,,
MMETSP1463,--,NA,Mike Preston,--,,,
MMETSP1464,--,NA,Mike Preston,--,,,
MMETSP1465,--,NA,Mike Preston,--,,,
MMETSP1466,--,NA,Mike Preston,--,,,
MMETSP1467,--,NA,Mike Preston,--,,,
MMETSP1468,--,NA,Mike Preston,--,,,
MMETSP1469,--,NA,Mike Preston,--,,,
MMETSP1470,--,NA,Mike Preston,--,,,
MMETSP1471,--,NA,Mike Preston,--,,,
MMETSP1472,--,NA,Mike Preston,--,,,
MMETSP1473,--,NA,Mike Preston,--,,,
MMETSP1474,--,NA,Mike Preston,--,,,
MMETSP1475,--,NA,Mike Preston,--,,,
